# {"env_id": "MobileDualUR5HuskyPickAndPlace-v1", "t_start": 1575340149.9147055} 
r,l,t
-27.336787,100,2.283004
-42.708776,100,4.51377
-33.594075,100,6.880359
-35.843476,100,9.247212
-32.477836,100,11.502001
-36.008369,100,13.831176
-34.911032,100,16.01861
-35.598545,100,18.343495
-1036.855953,100,20.49031
-30.385845,100,22.852115
