# {"env_id": "MobileDualUR5HuskyPickAndPlaceGym-v1", "t_start": 1575589012.6938784} 
r,l,t
-29.40899,100,1.667311
-61.082132,100,3.252357
-41.247509,100,4.864402
-43.837003,100,6.525607
-36.584857,100,8.302565
-55.224565,100,9.973039
-47.813447,100,11.571977
-49.133472,100,13.188059
-1068.431349,100,14.919879
-46.119063,100,16.668066
