# {"t_start": 1575428410.1399322, "env_id": "MobileDualUR5HuskyPickAndPlace-v1"} 
r,l,t
-29.942818,100,3.244497
-62.157657,100,6.51661
-34.861342,100,9.862495
-41.269828,100,12.957294
-36.271895,100,16.179041
-49.688714,100,19.722635
-43.812467,100,22.941914
-47.093989,100,26.268922
-1049.20057,100,29.567731
-36.538171,100,33.097634
