# {"t_start": 1575528143.147375, "env_id": "MobileDualUR5HuskyPickAndPlace-v1"} 
r,l,t
-32.180777,100,2.598266
-185.688716,100,5.256853
-32.266924,100,7.982412
-47.170798,100,10.784703
-39.92459,100,13.772249
-36.382099,100,16.520366
-37.808367,100,19.219539
-47.638572,100,22.295978
-31.538287,100,25.026733
-39.962039,100,27.877662
