# {"t_start": 1575407988.8080664, "env_id": "MobileDualUR5HuskyPickAndPlace-v1"} 
r,l,t
-30.591214,100,3.23473
-63.235824,100,6.279661
-34.663005,100,9.728372
-40.921672,100,13.045503
-31.613389,100,16.227063
-53.997203,100,19.537857
-41.732136,100,22.524518
-43.331753,100,25.880848
-1058.854245,100,28.646316
-42.837092,100,31.718734
