# {"t_start": 1575414733.629003, "env_id": "MobileDualUR5HuskyPickAndPlace-v1"} 
r,l,t
-26.237208,100,3.347542
-65.078467,100,6.403332
-35.034064,100,9.79056
-32.260639,100,13.182969
-32.075644,100,16.135133
-53.93092,100,19.237981
-44.107182,100,22.438885
-47.310945,100,25.55305
-1042.136697,100,28.507956
-42.659882,100,31.910228
